matricula,setor,nivel,idade,renda_mensal,horas_mes,produtividade,satisfacao,certificacao,data_admissao
VC4320,Pessoal,senior,39,N/A,199.0,98.0,NA,CRC,2018-12-01
VC4615,Pessoal,pleno,27,-,155.2,82.02,7.2,CRC,2015-02-23
VC4614,Fiscal,junior,35,2613.06,175.3,100.72,4.8,CNAI,2017-02-10
VC4429,Pessoal,junior,30,3976.33,134.4,97.36,8.0,-,2024-03-12
VC4723,Contabil,junior,28,1934.78,194.1,109.33,6.9,-,2017-11-12
VC4624,Contabil,senior,26,7999.47,189.6,92.26,7.7,-,2024-06-27
VC4225,Auditoria,junior,36,2831.58,154.2,96.23,8.6,-,2020-03-23
VC4556,Auditoria,pleno,35,1950.5,186.9,63.83,3.2,CRC,2017-10-27
VC4858,Auditoria,junior,39,1999.25,141.5,85.61,7.2,CNAI,2016-09-12
VC4463,Pessoal,junior,40,N/A,153.4,99.75,7.8,-,2019-01-12
VC5066,Societario,junior,49,7758.77,189.1,94.72,8.2,CRC,2019-05-13
VC4368,Societario,junior,38,4744.36,133.2,45.77,6.4,CRC,2019-04-24
VC5022,Fiscal,senior,39,4410.48,176.7,96.88,7.0,CRC,2022-01-07
VC4799,Contabil,junior,28,3266.27,149.9,73.57,7.8,-,2023-01-25
VC5033,Fiscal,senior,27,1321.43,181.6,121.0,9.4,-,2021-05-02
VC4886,Auditoria,senior,49,5257.19,171.4,96.82,6.4,CNAI,2023-05-17
VC4408,Contabil,senior,46,5484.6,150.7,67.76,,CNAI,2024-04-02
VC4812,Pessoal,junior,32,4589.93,171.7,128.45,4.5,-,2024-09-05
VC4399,Societario,pleno,52,1628.88,148.9,115.04,9.8,CNAI,2015-07-06
VC4932,Fiscal,senior,39,N/A,133.7,63.6,7.5,CRC,2024-06-04
VC4825,Fiscal,junior,38,6980.95,162.4,111.07,9.3,-,2018-04-12
VC4867,Pessoal,senior,40,3642.78,165.8,87.39,5.3,-,2015-09-07
VC4394,Societario,pleno,43,5630.33,170.1,108.92,9.0,CRC,2021-02-26
VC4737,Auditoria,senior,32,1412.78,200.2,113.91,7.1,CNAI,2016-12-27
VC4917,Pessoal,senior,41,2279.83,193.8,96.08,6.7,-,2022-02-24
VC4305,Societario,junior,32,9675.1,148.3,74.93,7.5,CRC,2019-04-24
VC5039,Auditoria,pleno,19,12498.3,,100.66,n/a,-,2021-11-01
VC4949,Societario,junior,52,4040.89,151.1,81.38,9.0,-,2019-08-05
VC4558,Societario,pleno,40,2840.43,207.4,121.16,NA,CNAI,2022-05-23
VC4853,Societario,pleno,40,3628.67,,101.54,6.6,-,2023-07-08
VC4964,Pessoal,pleno,36,3211.7,201.0,120.1,-,CNAI,2024-12-15
VC5089,Societario,pleno,39,2444.75,169.3,93.3,null,CRC,2018-05-22
VC5052,Contabil,senior,27,N/A,152.9,87.86,n/a,-,2024-06-09
VC4568,Contabil,senior,46,2569.28,,102.25,6.9,-,2020-10-19
VC4573,Auditoria,junior,32,7795.44,150.7,102.52,4.9,-,2018-05-25
VC4804,Fiscal,junior,22,N/A,158.5,84.33,8.1,-,2015-11-11
VC4430,Pessoal,pleno,40,2453.29,188.7,143.06,6.3,-,2018-03-20
VC4239,Contabil,junior,37,2878.7,137.9,76.1,6.0,-,2020-12-01
VC4722,Pessoal,junior,37,2222.69,147.7,67.62,8.7,-,2022-04-23
VC4586,Contabil,junior,48,6523.02,,139.09,6.3,CNAI,2015-08-23
VC4411,Fiscal,pleno,46,1879.6,166.4,70.73,8.8,-,2016-07-20
VC4803,Fiscal,junior,41,9738.87,176.5,85.0,6.8,-,2020-12-05
VC4317,Societario,junior,30,2442.23,166.1,97.51,7.4,CNAI,2015-08-22
VC4801,Societario,junior,44,8995.83,184.3,109.6,6.5,-,2019-09-21
VC5027,Societario,pleno,47,2393.17,191.7,112.41,6.9,-,2015-08-06
VC5028,Societario,pleno,62,3826.36,141.6,106.13,7.8,CNAI,2022-12-16
VC4785,Auditoria,junior,26,4252.6,165.5,74.49,8.2,CNAI,2017-05-13
VC4207,Fiscal,pleno,51,8529.33,199.0,114.67,5.9,CNAI,2020-02-18
VC4786,Pessoal,junior,31,3446.08,158.3,80.31,7.5,-,2020-10-19
VC4356,Fiscal,senior,25,6326.03,174.3,83.46,2.7,CNAI,2021-01-07
VC4229,Fiscal,junior,39,1697.8,180.5,111.34,8.8,CRC,2016-01-19
VC4266,Fiscal,junior,47,5459.49,162.6,74.81,9.5,-,2017-11-27
VC4496,Societario,senior,40,7819.47,210.1,105.85,8.1,CRC,2015-05-18
VC4764,Societario,pleno,40,n/a,181.5,100.29,-,CNAI,2024-08-25
VC5001,Contabil,junior,37,4662.92,182.1,102.94,7.9,-,2023-12-01
VC4390,Auditoria,pleno,25,3916.22,139.8,71.78,N/A,-,2018-01-12
VC4667,Auditoria,junior,31,,194.1,125.78,9.2,CNAI,2021-03-02
VC4814,Societario,pleno,45,7359.88,162.3,92.71,5.7,-,2023-12-15
VC4789,Pessoal,pleno,39,5788.38,174.5,122.63,8.5,CNAI,2017-11-03
VC5007,Auditoria,junior,42,6424.93,142.4,43.61,8.9,-,2024-04-04
VC4418,Fiscal,senior,30,4428.65,173.2,99.32,7.4,-,2023-02-02
VC4401,Societario,pleno,46,NA,175.5,94.99,9.3,CNAI,2015-01-18
VC4652,Pessoal,junior,38,4024.85,182.2,96.15,10.0,-,2023-10-13
VC4545,Fiscal,pleno,25,4107.58,152.6,86.24,5.8,CRC,2016-04-28
VC5003,Pessoal,junior,39,7194.6,160.9,108.51,3.9,-,2016-10-04
VC4313,Societario,junior,37,1346.6,177.9,97.58,NA,-,2016-09-15
VC4337,Contabil,pleno,35,2131.64,152.9,77.48,7.8,-,2018-02-09
VC4488,Auditoria,senior,33,2693.9,155.5,52.13,6.0,-,2022-01-05
VC4261,Auditoria,senior,34,9276.52,156.7,88.71,null,-,2018-12-17
VC4582,Fiscal,junior,39,4818.94,209.0,131.96,5.7,-,2022-01-04
VC4473,Fiscal,pleno,52,3172.45,145.8,63.21,9.1,-,2016-07-13
VC5019,Pessoal,senior,35,5584.06,172.7,132.83,6.9,-,2021-12-24
VC4655,Auditoria,junior,38,1597.76,144.9,98.99,8.0,-,2020-10-27
VC5063,Auditoria,junior,33,4757.0,156.6,88.1,7.3,-,2019-02-03
VC4883,Contabil,pleno,30,2776.59,157.6,100.55,6.1,CRC,2018-12-11
VC5046,Fiscal,junior,46,2471.9,,77.17,,-,2018-09-13
VC4216,Fiscal,junior,25,3713.28,170.4,107.59,3.1,-,2024-11-27
VC4510,Societario,pleno,37,3280.96,193.8,118.44,6.0,CRC,2020-03-10
VC4640,Contabil,junior,32,4576.97,144.9,87.02,6.2,-,2021-10-13
VC4591,Fiscal,junior,35,1651.12,154.3,86.64,8.0,-,2023-03-15
VC4957,Contabil,junior,34,3505.47,161.4,98.64,8.6,CRC,2015-03-04
VC4218,Pessoal,junior,20,2732.79,175.9,75.01,4.4,CRC,2022-01-07
VC4479,Contabil,junior,37,4107.46,160.0,85.48,9.7,-,2024-04-05
VC4712,Fiscal,senior,27,2371.22,170.0,102.75,7.4,-,2024-12-02
VC4260,Auditoria,pleno,40,10103.94,189.8,85.42,N/A,CNAI,2019-08-17
VC4550,Fiscal,junior,30,2510.97,178.3,99.93,,-,2016-07-10
VC4512,Pessoal,pleno,34,4542.79,166.0,111.49,9.2,CRC,2015-04-03
VC5085,Auditoria,junior,45,6072.58,146.0,79.55,7.0,CNAI,2024-10-28
VC4997,Contabil,junior,42,4965.8,206.9,124.07,5.7,-,2015-08-19
VC4299,Auditoria,junior,19,null,168.0,111.23,8.6,-,2023-10-27
VC4641,Fiscal,senior,29,4504.17,150.2,93.77,N/A,CNAI,2018-06-18
VC4288,Fiscal,pleno,49,n/a,158.3,110.7,,-,2023-11-10
VC4617,Contabil,pleno,36,878.26,187.3,104.73,N/A,CRC,2020-02-23
VC4856,Auditoria,pleno,40,8689.35,204.7,90.46,5.0,-,2019-05-27
VC4384,Pessoal,junior,37,4227.21,183.7,106.11,6.4,-,2018-09-17
VC4572,Auditoria,pleno,34,N/A,152.4,112.91,6.9,CRC,2015-04-28
VC4775,Pessoal,junior,24,4874.98,141.6,84.04,9.0,-,2019-11-22
VC4875,Pessoal,junior,24,5490.37,155.8,112.84,7.1,CNAI,2020-02-03
VC4407,Contabil,pleno,22,2689.47,137.6,99.85,7.2,CNAI,2024-07-20
VC4324,Societario,pleno,27,1184.47,183.3,84.54,7.9,CNAI,2020-07-01
VC4233,Societario,junior,30,7281.08,162.0,68.39,5.1,CNAI,2016-12-11
VC4601,Societario,junior,42,4009.39,137.0,93.93,8.8,-,2018-05-19
VC4477,Auditoria,pleno,19,1092.83,202.3,85.52,,-,2024-06-17
VC4613,Fiscal,pleno,34,6693.18,176.4,112.17,7.1,-,2017-01-08
VC4795,Auditoria,junior,48,2929.44,177.2,105.43,6.2,-,2019-05-24
VC4468,Pessoal,junior,26,2082.89,169.3,72.76,6.5,CRC,2023-04-10
VC4576,Fiscal,junior,40,5414.93,168.1,101.6,5.9,CRC,2023-06-28
VC5097,Pessoal,pleno,28,5506.56,163.3,100.34,10.0,CRC,2021-01-22
VC5094,Fiscal,senior,29,2985.86,136.3,82.62,8.8,-,2017-12-08
VC4649,Societario,pleno,44,1314.33,200.0,126.55,null,-,2016-08-13
VC4349,Contabil,junior,38,1704.52,183.3,90.55,4.3,-,2016-05-08
VC4692,Pessoal,pleno,25,17255.64,158.1,78.35,8.3,CNAI,2023-08-15
VC4962,Societario,senior,45,2861.38,164.5,100.75,7.6,CRC,2022-08-12
VC4768,Contabil,pleno,48,13254.23,,96.89,3.3,-,2017-06-24
VC4443,Contabil,junior,39,-,170.2,117.94,7.2,CRC,2015-10-18
VC4630,Pessoal,senior,38,16094.83,189.3,85.24,5.6,-,2019-11-18
VC4629,Fiscal,senior,34,5918.43,155.1,84.3,5.4,CRC,2015-11-20
VC4410,Contabil,junior,38,2856.54,132.4,82.54,n/a,CNAI,2015-09-27
VC4863,Auditoria,pleno,50,2210.81,152.2,94.08,N/A,-,2016-05-13
VC4255,Societario,pleno,44,5033.46,183.8,93.33,null,-,2015-03-06
VC5036,Pessoal,junior,29,5677.02,149.4,71.42,10.0,-,2015-02-28
VC4691,Pessoal,senior,29,909.16,171.8,113.92,7.7,CNAI,2017-02-07
VC4651,Societario,senior,44,1481.3,169.5,104.37,7.3,-,2019-12-12
VC4524,Societario,junior,32,5216.06,158.9,45.97,6.3,CNAI,2015-04-23
VC5048,Fiscal,senior,37,6936.74,200.4,105.5,8.8,CRC,2015-11-22
VC4986,Contabil,pleno,34,3845.59,160.2,81.45,8.3,CNAI,2023-12-17
VC4658,Pessoal,pleno,38,3231.73,151.1,89.0,6.9,-,2023-09-24
VC4609,Pessoal,junior,20,5778.62,162.9,92.91,7.6,-,2024-10-28
VC4222,Pessoal,pleno,26,null,192.8,128.07,7.3,-,2018-03-03
VC4350,Societario,senior,31,3887.12,170.2,114.13,8.0,CNAI,2022-01-23
VC4754,Contabil,junior,43,2537.87,187.8,98.68,6.2,-,2023-11-01
VC4329,Pessoal,pleno,45,1712.31,188.3,120.65,,-,2021-11-08
VC5068,Societario,junior,21,2379.15,132.4,85.48,N/A,CNAI,2015-07-27
VC4364,Pessoal,senior,36,2478.86,151.8,69.05,8.5,-,2016-01-23
VC4787,Auditoria,pleno,42,6409.62,185.9,85.21,10.0,CNAI,2015-09-25
VC4670,Auditoria,junior,30,2556.07,174.2,93.16,7.5,-,2021-02-19
VC4763,Auditoria,pleno,42,2502.83,189.3,104.23,8.3,CRC,2023-02-15
VC4476,Contabil,senior,42,8863.91,138.5,86.87,7.6,CNAI,2023-10-25
VC4515,Societario,pleno,39,9541.71,178.4,75.01,7.7,CNAI,2024-12-20
VC4440,Pessoal,senior,34,2394.09,214.5,141.14,10.0,CRC,2023-06-20
VC4749,Societario,senior,27,5815.87,162.7,81.77,6.5,-,2024-04-16
VC4860,Contabil,junior,47,3887.64,177.7,120.33,7.5,-,2017-11-27
VC4619,Auditoria,pleno,32,4110.42,177.2,87.16,7.4,CRC,2016-02-13
VC4782,Fiscal,junior,53,5212.37,186.8,122.61,4.8,-,2022-06-19
VC4383,Contabil,junior,35,3989.29,168.1,94.53,8.2,CNAI,2019-10-07
VC5031,Contabil,pleno,30,2529.21,178.0,82.54,6.6,CRC,2018-02-07
VC4877,Fiscal,junior,31,3369.27,155.1,91.19,8.2,-,2022-08-23
VC4281,Contabil,junior,35,1537.62,174.7,121.72,7.1,-,2017-05-12
VC4989,Auditoria,pleno,42,1668.01,138.7,49.97,8.4,-,2021-07-07
VC5045,Auditoria,senior,34,9402.75,145.4,47.4,NA,CNAI,2015-02-03
VC4750,Fiscal,pleno,40,3004.36,142.2,104.84,7.2,-,2022-07-18
VC4653,Pessoal,junior,28,4556.87,184.5,77.62,8.6,-,2021-08-10
VC4926,Contabil,senior,57,2412.87,156.8,97.06,7.9,CNAI,2023-09-08
VC4605,Contabil,pleno,26,1427.71,188.9,117.51,5.5,CNAI,2015-02-23
VC4887,Pessoal,junior,38,3683.63,168.9,114.42,5.5,-,2019-11-28
VC4531,Fiscal,pleno,36,6975.92,222.8,98.88,5.0,CRC,2021-12-18
VC4954,Pessoal,junior,34,5080.02,183.9,94.12,7.0,CNAI,2020-03-08
VC4889,Pessoal,junior,35,5311.21,190.3,116.61,8.2,-,2021-09-09
VC4944,Contabil,junior,56,2907.42,191.4,132.65,4.8,-,2022-09-08
VC5069,Contabil,junior,35,6368.04,179.0,113.75,5.1,CNAI,2020-11-11
VC4414,Contabil,junior,40,3296.4,173.3,70.7,n/a,-,2022-08-08
VC4297,Pessoal,pleno,41,2921.27,166.6,86.53,6.1,-,2017-05-24
VC4345,Auditoria,senior,26,5912.45,178.8,104.18,4.6,CNAI,2021-05-08
VC4248,Auditoria,senior,32,3701.23,144.1,80.89,7.3,CNAI,2024-10-16
VC4685,Societario,senior,28,7178.24,184.5,133.01,null,-,2015-04-03
VC4776,Societario,senior,26,3519.33,,125.28,5.7,-,2019-09-23
VC4590,Contabil,junior,34,1903.4,169.4,45.39,5.0,-,2017-06-08
VC4331,Contabil,junior,45,3053.81,143.5,70.35,9.0,-,2022-09-08
VC4328,Contabil,junior,21,N/A,166.7,81.73,8.4,-,2020-05-10
VC4201,Auditoria,junior,41,12991.52,166.4,80.85,4.8,-,2015-09-07
VC5043,Contabil,senior,36,2074.74,174.3,102.54,7.8,CRC,2016-06-09
VC4824,Auditoria,junior,33,11100.29,198.5,106.25,-,-,2018-01-09
VC4452,Contabil,senior,51,3747.51,179.6,113.91,4.4,CNAI,2017-12-11
VC5011,Auditoria,pleno,36,7160.26,154.6,94.76,7.3,CRC,2020-04-14
VC4739,Pessoal,junior,19,1665.23,179.7,89.08,9.8,-,2017-09-12
VC4236,Fiscal,pleno,38,2989.01,180.9,81.04,7.9,-,2023-06-06
VC4659,Societario,junior,22,3041.64,170.3,112.2,6.4,-,2015-10-22
VC4343,Auditoria,senior,30,1223.41,165.4,107.78,n/a,-,2017-11-09
VC5000,Pessoal,pleno,45,2194.41,181.4,101.67,7.1,CNAI,2018-09-26
VC4555,Pessoal,junior,41,n/a,178.7,137.01,6.7,-,2024-06-28
VC5071,Auditoria,junior,39,1985.45,149.9,87.28,6.6,-,2017-01-05
VC4621,Auditoria,junior,22,4264.15,123.3,79.6,4.6,-,2017-01-21
VC4369,Fiscal,senior,39,10173.88,168.7,108.18,5.3,-,2020-05-11
VC5078,Contabil,pleno,45,1540.8,148.3,72.88,5.1,-,2018-11-16
VC4362,Fiscal,junior,51,1968.9,202.0,109.32,9.9,CRC,2020-07-04
VC4353,Contabil,junior,38,1978.4,162.6,87.26,8.9,CNAI,2018-08-08
VC4604,Societario,pleno,40,8823.08,146.1,102.79,6.3,CNAI,2018-03-20
VC5006,Fiscal,pleno,50,4388.31,153.8,82.9,7.5,-,2017-07-15
VC4315,Contabil,pleno,28,1074.95,216.2,114.65,10.0,-,2020-03-20
VC4999,Societario,junior,19,2355.79,,80.01,5.1,CNAI,2019-11-11
VC4540,Auditoria,senior,40,6010.08,147.5,74.42,n/a,CRC,2022-10-17
VC4626,Pessoal,junior,41,3698.62,137.0,95.3,9.2,-,2015-06-04
VC4978,Auditoria,junior,51,2838.04,190.0,119.38,8.3,-,2021-02-09
VC5073,Fiscal,pleno,41,2402.79,161.5,94.82,,CNAI,2015-02-10
VC4784,Auditoria,junior,36,null,161.6,67.35,9.9,CNAI,2015-04-15
VC5060,Auditoria,pleno,37,2560.01,142.3,105.65,6.4,-,2021-04-11
VC4870,Societario,junior,29,2625.25,180.7,128.93,6.8,-,2016-04-05
VC4864,Pessoal,senior,59,,155.0,69.98,9.2,CRC,2022-11-16
VC4664,Fiscal,junior,49,4379.25,200.0,112.34,3.9,-,2020-02-27
VC4772,Pessoal,senior,37,1827.63,203.6,80.3,-,CRC,2015-11-08
VC4731,Fiscal,junior,33,5657.68,173.3,85.5,7.6,-,2022-02-24
VC4360,Auditoria,pleno,28,5857.97,144.0,111.39,7.5,CRC,2019-11-24
VC4631,Fiscal,pleno,33,5401.39,150.3,111.07,6.4,-,2016-09-01
VC4484,Contabil,senior,49,3480.17,161.4,91.76,n/a,CRC,2018-07-05
VC4506,Societario,junior,43,3600.14,168.6,75.44,5.0,-,2023-11-05
VC4242,Contabil,junior,26,2554.1,,94.37,8.6,-,2018-06-07
VC4612,Fiscal,junior,51,1518.67,126.1,101.04,6.6,CRC,2022-08-17
VC4608,Societario,junior,42,4035.44,161.9,112.67,7.1,-,2018-03-19
VC4696,Auditoria,senior,43,8161.04,142.3,79.44,9.6,-,2020-09-08
VC4930,Fiscal,junior,27,2542.39,154.6,97.36,7.0,CRC,2016-11-19
VC4323,Fiscal,junior,19,2025.69,148.6,71.84,-,-,2017-04-09
VC4988,Fiscal,senior,32,4781.18,176.6,82.97,8.2,CRC,2023-01-28
VC4314,Pessoal,junior,38,3216.38,166.8,106.15,9.3,CNAI,2016-10-03
VC4939,Fiscal,junior,37,-,178.8,96.89,7.9,CRC,2020-07-03
VC4304,Auditoria,junior,30,4465.21,175.5,117.53,8.8,-,2016-12-24
VC4300,Fiscal,senior,35,4435.26,192.5,124.42,5.8,-,2018-02-01
VC4995,Auditoria,senior,29,3617.15,133.4,86.26,9.2,CRC,2020-01-23
VC4704,Contabil,senior,46,3829.79,150.3,71.64,9.5,CNAI,2015-06-22
VC5076,Auditoria,pleno,46,6855.08,185.1,112.15,7.9,CNAI,2017-05-25
VC4292,Contabil,junior,35,3184.12,190.4,109.61,7.0,-,2016-08-09
VC4697,Societario,pleno,28,8729.19,197.4,96.37,4.9,CNAI,2017-02-22
VC4599,Societario,senior,31,3261.63,143.1,86.9,7.4,-,2023-03-15
VC4958,Contabil,junior,60,3185.53,161.2,77.91,8.9,-,2020-11-04
VC4758,Contabil,senior,41,2064.13,155.0,104.08,4.9,CNAI,2023-12-04
VC4956,Pessoal,senior,28,3395.2,193.6,98.91,7.0,-,2024-04-28
VC4246,Fiscal,senior,46,2777.53,202.3,89.97,8.4,-,2022-07-24
VC4694,Societario,pleno,51,9896.56,185.2,150.52,8.3,-,2018-05-16
VC4710,Societario,pleno,37,3552.19,155.8,118.75,7.7,-,2021-11-22
VC5002,Contabil,pleno,41,1187.28,141.0,77.91,7.4,CRC,2023-05-14
VC4686,Contabil,junior,23,6252.02,182.2,115.23,8.1,-,2017-01-10
VC4581,Pessoal,senior,27,2708.89,171.5,104.8,7.9,CRC,2023-01-27
VC4449,Fiscal,junior,19,5112.24,204.7,90.35,5.5,-,2015-05-21
VC4872,Societario,junior,42,3655.79,176.4,92.37,9.1,CRC,2019-07-14
VC4447,Fiscal,junior,19,3931.12,155.8,54.8,5.8,-,2022-02-24
VC4283,Auditoria,pleno,37,4785.06,167.6,76.64,8.3,CNAI,2023-08-08
VC4205,Contabil,junior,29,3891.5,173.4,115.14,4.7,CNAI,2019-07-05
VC4562,Auditoria,pleno,44,2470.62,161.8,86.12,8.6,-,2018-12-08
VC4996,Auditoria,junior,26,5036.62,,77.59,7.8,-,2018-01-15
VC4241,Auditoria,senior,39,5392.4,175.9,123.47,,-,2020-06-03
VC4214,Pessoal,junior,38,4240.46,209.7,150.18,5.7,-,2024-08-19
VC4538,Contabil,pleno,48,4327.11,146.3,86.72,8.8,-,2019-05-06
VC4209,Auditoria,junior,32,6505.56,190.2,90.34,-,-,2022-10-15
VC5081,Fiscal,junior,55,4678.5,156.3,108.42,n/a,-,2022-02-13
VC4885,Societario,senior,28,7251.23,178.1,119.85,5.4,CNAI,2020-06-07
VC4792,Pessoal,pleno,37,2272.91,187.9,102.42,7.2,-,2023-06-08
VC5030,Contabil,pleno,34,,173.3,69.5,7.7,CNAI,2015-07-19
VC4899,Pessoal,senior,58,2841.67,142.2,65.92,6.8,-,2017-03-25
VC4714,Pessoal,pleno,38,6006.66,173.4,114.21,N/A,CRC,2021-12-24
VC4623,Societario,senior,47,1674.09,218.1,94.71,7.9,CRC,2020-06-13
VC4577,Societario,junior,31,5953.26,164.1,82.63,8.5,CRC,2024-11-13
VC4223,Contabil,junior,41,3780.55,194.5,93.17,N/A,CNAI,2015-08-27
VC4751,Contabil,senior,39,n/a,136.3,99.89,4.8,-,2024-02-26
VC4756,Auditoria,junior,42,15645.56,230.2,132.29,3.8,-,2021-06-17
VC4815,Auditoria,junior,19,2518.3,151.1,88.74,8.8,-,2023-05-05
VC4779,Auditoria,senior,34,2744.0,163.9,82.47,8.9,-,2021-08-06
VC5098,Contabil,junior,40,1900.55,142.4,91.45,8.4,-,2018-02-16
VC4220,Societario,junior,21,5973.05,184.2,115.09,8.5,-,2021-09-09
VC4474,Fiscal,junior,34,1339.24,137.5,60.76,6.5,CRC,2020-04-10
VC4422,Pessoal,senior,22,5527.63,205.7,130.24,n/a,-,2022-03-09
VC5040,Auditoria,pleno,24,2306.59,183.7,87.29,5.5,CRC,2017-09-26
VC4245,Contabil,junior,23,2711.31,190.7,77.87,2.8,CNAI,2021-11-11
VC4865,Contabil,pleno,57,NA,149.8,84.99,6.0,CNAI,2015-11-05
VC4254,Auditoria,junior,36,7051.55,186.6,65.18,6.1,CNAI,2023-09-01
VC4262,Pessoal,senior,39,1242.88,206.2,114.87,9.8,CNAI,2022-03-14
VC4335,Societario,junior,52,4052.5,165.8,90.74,3.4,-,2018-07-09
VC4693,Contabil,junior,35,5374.69,156.7,99.38,10.0,-,2018-12-13
VC4818,Auditoria,junior,44,2489.44,161.3,86.46,7.3,CRC,2023-09-07
VC4753,Auditoria,pleno,34,null,136.0,102.88,N/A,-,2022-11-21
VC4593,Pessoal,pleno,24,2284.55,198.8,144.06,9.3,-,2020-03-09
VC4359,Fiscal,senior,32,NA,194.8,107.85,7.6,-,2018-03-21
VC5080,Pessoal,junior,39,5962.9,144.6,68.12,5.9,CRC,2022-08-16
VC4931,Contabil,junior,33,,175.5,128.31,6.7,-,2023-12-27
VC4947,Contabil,pleno,45,3323.98,138.5,65.47,9.3,-,2024-07-26
VC4911,Societario,senior,44,6679.81,160.3,92.26,6.4,CRC,2018-08-09
VC4579,Contabil,pleno,37,4362.32,162.2,75.78,7.6,-,2021-03-15
VC4960,Pessoal,pleno,36,5909.66,151.4,85.54,7.5,CRC,2023-10-11
VC4602,Contabil,junior,34,2719.19,178.4,101.92,5.5,CNAI,2023-04-23
VC4705,Pessoal,senior,34,2110.61,159.8,110.89,8.3,CRC,2022-04-28
VC4585,Pessoal,junior,48,,132.3,78.16,5.2,CRC,2020-08-13
VC4505,Contabil,junior,53,2230.99,169.7,82.23,6.3,-,2018-03-12
VC4347,Pessoal,pleno,37,2355.02,164.8,86.82,8.7,CNAI,2022-09-08
VC5026,Contabil,senior,38,5200.67,,79.98,4.2,-,2022-10-19
VC4566,Auditoria,pleno,20,4016.74,152.9,97.37,n/a,-,2023-06-16
VC4206,Auditoria,junior,39,3851.27,172.4,78.88,6.2,-,2023-11-06
VC4994,Contabil,senior,31,2093.63,159.1,80.17,5.9,-,2016-06-22
VC4706,Societario,junior,30,3326.1,151.2,99.27,6.5,CRC,2017-05-04
VC4234,Pessoal,junior,48,3452.0,174.8,108.47,8.3,CNAI,2023-01-07
VC4584,Pessoal,pleno,49,7855.18,161.1,129.84,10.0,-,2016-08-11
VC4857,Societario,senior,29,1935.81,209.2,121.49,null,-,2023-10-16
VC4698,Auditoria,junior,48,8561.26,189.9,79.38,n/a,-,2021-01-22
VC4333,Contabil,junior,23,4978.22,137.3,60.61,7.2,CNAI,2020-09-03
VC4489,Pessoal,pleno,34,4125.06,179.9,95.53,n/a,-,2015-12-08
VC4850,Fiscal,junior,48,5314.34,169.5,103.23,5.3,-,2015-12-02
VC4638,Contabil,pleno,23,4244.45,209.5,89.3,7.6,-,2022-09-10
VC4370,Auditoria,junior,31,6940.63,139.8,67.96,7.8,-,2019-05-01
VC4511,Societario,junior,46,2305.67,189.0,104.65,6.3,-,2020-03-17
VC4537,Fiscal,junior,29,3387.91,196.3,100.75,6.0,CRC,2015-06-28
VC5067,Societario,pleno,33,2775.86,181.7,127.6,4.6,CNAI,2022-12-04
VC5050,Pessoal,junior,44,5721.08,173.0,85.4,6.4,CNAI,2019-05-28
VC4720,Contabil,senior,32,2407.51,155.9,74.78,8.6,CNAI,2023-05-08
VC4951,Societario,pleno,37,4095.27,165.4,94.51,6.7,-,2020-02-09
VC4827,Contabil,senior,57,2976.22,163.2,96.57,,CNAI,2022-05-25
VC4466,Societario,junior,31,4890.46,151.8,105.7,6.9,-,2016-06-16
VC4386,Fiscal,junior,49,6804.15,208.2,104.53,5.9,CNAI,2022-06-02
VC4340,Fiscal,junior,48,5753.73,179.6,100.74,5.8,-,2022-08-08
VC4845,Fiscal,pleno,43,2832.13,172.4,78.24,5.2,-,2019-09-11
VC4570,Societario,junior,37,3458.46,,100.9,9.7,CRC,2020-11-15
VC4740,Pessoal,junior,39,3362.45,,75.52,4.1,CRC,2016-10-26
VC4365,Societario,junior,32,1067.64,142.0,72.36,5.2,-,2022-04-11
VC5013,Contabil,pleno,40,3447.09,170.4,83.47,8.1,-,2020-05-04
VC4662,Auditoria,junior,21,1927.72,132.9,68.85,7.6,CNAI,2021-08-13
VC4842,Contabil,pleno,32,3257.93,173.7,99.42,5.8,-,2017-01-09
VC4346,Auditoria,junior,50,3002.26,147.1,99.92,8.3,-,2019-08-09
VC4699,Auditoria,junior,28,3598.73,155.4,111.33,6.5,CRC,2021-12-03
VC4551,Pessoal,pleno,33,2832.41,181.4,106.14,7.6,CNAI,2022-10-02
VC4748,Contabil,senior,39,9306.79,176.6,73.3,-,CNAI,2021-05-01
VC4481,Pessoal,pleno,28,2334.41,190.9,64.68,5.6,-,2017-12-05
VC4529,Pessoal,senior,57,,136.0,94.27,4.8,-,2018-11-16
VC5015,Societario,pleno,54,3986.24,140.5,65.83,7.3,-,2016-03-12
VC4811,Contabil,junior,42,9263.8,144.1,94.41,3.9,-,2016-06-27
VC4492,Pessoal,junior,47,2771.03,151.9,78.51,9.7,CRC,2021-04-26
VC5041,Societario,junior,34,2469.29,180.4,103.74,null,CNAI,2021-02-20
VC4979,Societario,junior,23,5600.95,186.0,118.16,8.9,-,2023-05-28
VC4404,Contabil,pleno,56,3247.27,185.3,117.95,null,CRC,2016-07-16
VC4387,Pessoal,junior,44,1122.53,198.2,95.86,8.0,CRC,2018-10-27
VC5020,Societario,junior,37,1768.78,168.8,96.89,4.4,-,2017-03-01
VC4559,Fiscal,junior,37,1848.02,126.2,57.85,N/A,-,2021-03-19
VC4797,Fiscal,pleno,35,5481.05,147.2,79.05,7.9,-,2024-06-15
VC4483,Contabil,junior,36,3631.02,147.5,91.27,10.0,CNAI,2019-12-04
VC4280,Contabil,junior,34,2203.89,181.3,98.4,7.4,-,2019-09-25
VC4840,Contabil,pleno,29,3991.42,191.8,104.42,8.5,CNAI,2023-09-04
VC4757,Contabil,pleno,40,null,187.3,96.16,4.1,-,2019-02-08
VC4421,Contabil,junior,29,3073.91,189.5,92.59,5.1,-,2024-05-06
VC4405,Contabil,junior,52,null,156.1,70.09,7.2,CRC,2022-06-02
VC4914,Auditoria,pleno,44,4125.93,177.4,134.01,6.8,CRC,2020-04-05
VC4793,Contabil,senior,45,2211.29,,72.77,9.5,CNAI,2017-04-01
VC4835,Fiscal,junior,36,N/A,183.5,106.86,4.0,-,2020-01-19
VC4444,Contabil,junior,35,6508.31,145.1,78.32,6.1,CNAI,2023-10-21
VC4221,Contabil,senior,36,5348.32,142.0,60.96,6.1,-,2019-12-14
VC4203,Auditoria,junior,30,NA,208.6,115.23,6.6,-,2016-04-21
VC4480,Pessoal,junior,39,2963.45,142.5,50.94,6.8,CNAI,2023-04-09
VC4493,Societario,pleno,47,6052.35,119.4,71.52,5.5,CNAI,2019-07-16
VC4438,Societario,junior,38,5199.24,171.4,82.07,7.1,CRC,2018-12-05
VC4277,Pessoal,senior,34,2233.15,182.8,98.11,5.8,-,2015-06-18
VC4530,Fiscal,junior,36,5177.01,191.5,139.09,8.6,-,2019-03-19
VC4400,Societario,junior,26,4298.35,160.0,108.49,7.8,CRC,2021-10-12
VC4554,Societario,junior,40,7014.33,201.4,111.37,8.3,-,2019-10-11
VC4371,Auditoria,senior,42,1933.09,,66.01,7.5,CRC,2015-04-04
VC4618,Contabil,junior,53,2402.26,171.4,91.07,7.0,CRC,2022-08-19
VC4381,Fiscal,pleno,33,3139.25,182.3,93.7,6.7,-,2019-05-19
VC4251,Contabil,junior,27,6716.59,192.7,110.73,6.2,CNAI,2019-09-08
VC4717,Auditoria,pleno,37,1760.82,159.4,123.38,5.8,-,2023-01-22
VC4985,Pessoal,junior,19,2742.63,151.6,73.78,9.5,-,2020-06-28
VC4983,Societario,senior,43,2906.31,167.0,102.14,6.2,CRC,2019-03-21
VC4380,Societario,junior,34,1980.8,206.4,115.64,NA,CNAI,2023-11-25
VC4237,Pessoal,pleno,46,-,164.0,84.32,6.0,-,2023-09-11
VC4916,Contabil,junior,22,1047.81,126.0,80.2,6.4,-,2017-02-26
VC4286,Contabil,senior,38,6478.99,181.2,121.23,5.1,CNAI,2021-06-02
VC4456,Auditoria,junior,49,13194.7,208.8,112.39,n/a,CNAI,2017-01-01
VC4274,Auditoria,pleno,50,2061.67,188.6,141.15,6.7,-,2016-05-02
VC4826,Contabil,junior,47,5480.54,150.9,87.75,6.5,-,2019-05-16
VC4648,Societario,junior,31,2780.62,148.0,96.52,6.8,CNAI,2021-02-01
VC4678,Fiscal,senior,56,3116.11,190.5,115.4,6.0,-,2016-06-07
VC5042,Fiscal,pleno,39,3127.16,207.9,125.16,6.5,-,2016-02-24
VC4861,Fiscal,junior,32,8704.56,177.2,117.98,10.0,-,2021-02-14
VC4441,Auditoria,junior,45,9684.18,171.1,102.54,9.0,-,2022-04-06
VC4915,Pessoal,junior,35,6588.83,204.8,118.68,8.8,-,2020-08-16
VC4953,Contabil,junior,39,4239.46,188.4,103.03,6.0,CRC,2021-03-13
VC4866,Pessoal,junior,39,n/a,151.4,92.1,5.7,CNAI,2024-06-17
VC4503,Fiscal,junior,32,2972.52,179.4,80.58,7.4,-,2023-04-26
VC4425,Contabil,junior,42,3709.84,154.6,79.83,8.4,-,2020-07-06
VC4794,Societario,junior,44,2096.7,182.9,128.48,5.6,-,2024-05-06
VC4882,Fiscal,pleno,43,5720.26,183.6,89.77,7.0,CRC,2016-08-03
VC4891,Pessoal,senior,45,5508.15,176.3,102.83,,-,2024-03-12
VC4351,Pessoal,pleno,35,13936.32,164.4,100.15,6.3,-,2021-04-01
VC4859,Auditoria,junior,35,8221.32,190.8,113.88,5.6,CNAI,2020-04-22
VC4975,Pessoal,junior,33,N/A,158.9,64.92,6.8,-,2021-08-09
VC4721,Fiscal,junior,31,4122.58,155.2,83.7,n/a,-,2021-02-07
VC4501,Fiscal,junior,43,4085.45,166.6,105.71,10.0,-,2021-01-01
VC4298,Auditoria,pleno,22,4695.42,166.1,81.74,7.3,CRC,2023-11-14
VC4966,Contabil,junior,41,1809.73,203.4,131.11,5.6,-,2023-01-13
VC4243,Societario,pleno,39,4426.08,169.4,97.03,7.9,-,2015-08-21
VC4428,Fiscal,junior,29,2509.04,177.3,110.19,7.5,-,2021-12-26
VC4311,Pessoal,pleno,43,3741.36,212.1,89.34,6.0,-,2022-08-15
VC4820,Contabil,senior,49,3359.52,176.3,90.96,6.6,CNAI,2023-01-12
VC4597,Contabil,senior,48,6321.44,,117.27,7.4,CRC,2021-05-14
VC4358,Fiscal,junior,54,2490.83,189.7,109.99,5.6,-,2020-12-04
VC5029,Auditoria,junior,28,984.43,134.8,99.91,7.6,-,2024-07-03
VC4423,Auditoria,senior,43,2005.54,174.5,97.74,null,-,2018-10-09
VC4516,Fiscal,pleno,23,3576.69,184.3,74.6,5.3,-,2019-04-16
VC4382,Pessoal,junior,44,3213.46,143.7,82.94,-,-,2018-08-08
VC4598,Contabil,junior,22,3441.62,145.4,39.71,6.0,-,2017-11-01
VC4282,Fiscal,senior,41,3587.86,145.5,72.47,10.0,CRC,2015-01-24
VC5087,Auditoria,junior,41,1110.15,138.0,81.78,4.1,-,2018-02-03
VC4301,Fiscal,junior,29,4515.97,170.7,114.58,-,-,2016-07-27
VC4325,Societario,senior,41,2139.3,146.0,77.81,4.8,-,2023-04-24
VC5075,Contabil,junior,28,3867.36,237.3,135.03,4.6,-,2020-06-06
VC4592,Contabil,junior,26,8737.46,170.0,99.71,8.7,-,2018-03-01
VC4981,Auditoria,junior,35,1404.78,189.5,123.95,6.3,-,2020-05-08
VC4372,Societario,pleno,33,5872.8,188.2,101.18,7.7,-,2021-05-14
VC4993,Fiscal,pleno,23,1712.91,177.6,106.34,7.2,-,2023-05-20
VC4841,Auditoria,junior,41,8317.15,165.4,113.63,7.8,-,2016-06-07
VC4984,Contabil,senior,29,,188.6,112.37,6.0,CRC,2021-07-27
VC4890,Pessoal,junior,36,-,188.8,100.93,6.3,CRC,2018-09-21
VC5095,Fiscal,pleno,36,4462.66,218.2,108.52,3.3,CRC,2022-04-28
VC4363,Auditoria,senior,24,1552.53,199.2,119.29,8.8,CNAI,2021-06-25
VC4767,Pessoal,junior,49,-,182.5,94.5,10.0,CNAI,2021-02-20
VC4743,Contabil,pleno,34,4671.72,180.0,103.03,9.0,CNAI,2017-08-21
VC4846,Societario,senior,43,8725.83,150.8,86.1,4.8,-,2021-07-11
VC4671,Fiscal,pleno,31,5126.71,144.2,81.24,5.5,CNAI,2017-08-25
VC4701,Fiscal,junior,24,3302.64,,93.7,8.2,-,2023-05-07
VC4738,Pessoal,pleno,35,2855.41,191.9,84.91,7.7,-,2021-03-21
VC4244,Pessoal,pleno,51,3577.67,191.4,95.19,8.1,CRC,2016-07-26
VC4992,Societario,senior,36,1927.7,,103.95,5.1,CNAI,2021-10-09
VC4831,Contabil,senior,51,,138.2,63.29,6.7,-,2015-08-06
VC4806,Societario,pleno,32,3175.85,151.5,70.91,6.5,-,2017-01-28
VC4904,Societario,junior,44,1915.92,133.5,70.43,6.9,CNAI,2024-06-23
VC4973,Societario,pleno,19,3525.95,141.7,93.06,4.6,-,2017-05-10
VC5025,Contabil,senior,31,n/a,177.5,107.19,n/a,-,2016-02-19
VC4339,Fiscal,junior,29,3180.08,151.6,92.85,8.0,-,2022-10-16
VC4654,Contabil,pleno,37,10981.06,202.2,92.97,8.1,CNAI,2021-10-13
VC4563,Pessoal,pleno,39,5623.72,146.7,123.44,5.4,-,2022-12-07
VC4504,Societario,junior,32,1397.12,161.5,110.64,-,CNAI,2017-02-26
VC4854,Societario,junior,31,1991.75,187.1,116.05,8.5,CRC,2021-09-09
VC4937,Contabil,pleno,37,6805.68,192.7,66.87,4.5,CRC,2015-08-02
VC4736,Fiscal,pleno,25,2914.92,161.6,113.74,6.9,CNAI,2019-06-06
VC4791,Contabil,junior,31,3312.23,135.3,62.27,7.2,-,2021-06-02
VC5061,Pessoal,senior,62,5646.76,179.2,104.08,-,CRC,2018-11-09
VC4777,Pessoal,senior,32,2049.8,162.8,68.66,8.3,CRC,2015-06-05
VC4499,Pessoal,pleno,39,-,181.1,71.13,7.7,-,2022-04-22
VC4729,Fiscal,pleno,29,5365.21,178.2,83.05,8.2,-,2016-03-11
VC4634,Pessoal,junior,28,2118.03,164.5,80.41,7.1,-,2023-03-15
VC4901,Fiscal,senior,35,2979.3,148.6,116.38,7.3,-,2018-11-27
VC4637,Societario,pleno,46,3242.61,152.2,84.08,7.4,-,2018-11-13
VC5044,Pessoal,junior,21,7007.6,194.8,88.95,null,-,2017-08-20
VC4808,Societario,senior,19,16123.43,180.8,97.25,8.7,-,2019-08-28
VC5091,Auditoria,junior,27,1687.68,191.0,107.75,7.0,-,2015-11-16
VC4318,Societario,junior,47,2456.57,174.7,81.3,8.7,CNAI,2021-06-13
VC4330,Pessoal,junior,30,4292.03,195.6,100.34,6.4,-,2016-03-21
VC4475,Pessoal,junior,45,1932.82,209.2,146.98,6.6,-,2023-03-13
VC5049,Contabil,senior,30,6698.34,179.2,92.93,6.6,-,2015-03-20
VC4600,Fiscal,pleno,40,3815.56,137.5,75.69,8.3,-,2019-03-12
VC4816,Pessoal,junior,37,4580.56,179.9,99.44,8.0,-,2016-11-26
VC4700,Contabil,pleno,35,1879.28,186.3,104.93,6.1,CNAI,2020-04-22
VC4567,Auditoria,pleno,25,5563.17,178.9,111.94,7.1,CNAI,2018-04-03
VC4374,Pessoal,senior,27,2415.12,166.4,105.9,N/A,CNAI,2024-04-11
VC4610,Fiscal,junior,51,3527.39,152.8,64.32,6.8,-,2023-02-04
VC4202,Fiscal,junior,35,11072.73,134.2,93.87,8.0,-,2016-04-03
VC4871,Societario,senior,39,10853.4,166.4,133.62,7.1,-,2024-06-02
VC4247,Fiscal,pleno,39,3777.69,161.5,84.03,-,CNAI,2017-01-05
VC4759,Contabil,senior,42,3995.62,148.8,73.03,6.3,-,2016-04-17
VC4439,Societario,junior,24,1744.68,157.5,78.5,9.0,CNAI,2019-07-26
VC4521,Auditoria,junior,43,7464.39,133.5,71.29,6.0,-,2022-06-14
VC4462,Pessoal,junior,43,2780.08,199.9,119.45,7.1,CNAI,2016-11-07
VC4675,Societario,senior,29,4574.8,144.6,85.43,9.3,-,2021-01-21
VC4415,Societario,pleno,38,6457.51,143.4,83.68,n/a,-,2017-08-13
VC4863,Auditoria,pleno,50,2210.81,152.2,94.08,N/A,-,2016-05-13
VC5014,Fiscal,pleno,25,8035.01,186.4,97.17,6.1,-,2021-01-26
VC4707,Pessoal,senior,20,3429.09,172.2,104.68,8.1,CNAI,2015-07-02
VC4851,Societario,pleno,29,3431.35,168.1,138.87,5.6,-,2022-09-22
VC4828,Contabil,senior,36,3462.62,171.7,96.34,6.1,-,2016-06-01
VC4817,Pessoal,junior,43,2234.11,222.6,116.8,7.0,CNAI,2021-02-01
VC4766,Fiscal,junior,43,7041.53,172.7,123.6,5.1,CRC,2024-04-15
VC4417,Societario,pleno,38,4805.9,,94.65,n/a,CRC,2015-11-05
VC4215,Societario,junior,45,5457.7,175.0,79.06,8.6,CRC,2019-08-23
VC4761,Auditoria,pleno,36,3851.51,154.9,63.6,-,CRC,2023-10-19
VC4724,Pessoal,junior,44,1845.09,167.7,100.14,4.8,CNAI,2024-10-08
VC5018,Societario,junior,22,3106.25,143.6,78.98,7.9,-,2015-04-23
VC4719,Contabil,junior,37,8936.36,165.1,92.73,n/a,-,2019-03-18
VC4708,Auditoria,junior,34,10529.12,171.9,105.99,8.4,CNAI,2019-03-13
VC4848,Contabil,senior,48,5962.9,153.2,69.69,8.5,CRC,2018-10-17
VC4486,Fiscal,pleno,38,3357.42,175.4,104.05,6.4,CRC,2019-04-13
VC4279,Auditoria,pleno,52,2205.63,152.7,89.64,3.0,CRC,2017-05-02
VC5034,Contabil,junior,33,5328.08,148.8,97.95,6.9,-,2016-12-04
VC4843,Pessoal,junior,24,2875.28,171.9,86.49,8.3,CRC,2018-09-02
VC5009,Fiscal,junior,42,6496.44,192.3,98.68,7.8,CNAI,2018-05-07
VC4564,Pessoal,pleno,22,2784.92,126.9,86.75,6.4,CRC,2021-08-18
VC4682,Contabil,junior,40,NA,164.2,78.58,null,-,2019-07-20
VC4728,Societario,junior,31,2455.39,164.3,96.98,7.8,CRC,2019-05-07
VC5008,Societario,junior,42,4395.87,190.1,103.22,5.0,CNAI,2016-12-17
VC4635,Fiscal,pleno,26,7594.43,170.0,94.02,6.9,-,2021-10-10
VC4457,Fiscal,junior,39,2279.98,147.1,59.62,9.0,CNAI,2020-03-23
VC4661,Fiscal,junior,28,3022.61,146.3,103.74,8.5,-,2021-11-18
VC4711,Auditoria,junior,37,-,87.5,70.47,8.2,CRC,2016-11-10
VC4925,Auditoria,junior,49,4565.49,183.6,60.03,5.5,CNAI,2019-07-18
VC4306,Contabil,junior,40,6170.45,156.9,77.12,8.5,-,2022-07-03
VC4950,Pessoal,pleno,37,11291.42,,78.09,9.1,CRC,2020-07-28
VC4762,Fiscal,senior,44,1610.33,164.1,98.5,7.0,CRC,2022-03-28
VC4227,Auditoria,junior,33,3282.29,168.3,63.37,5.0,-,2021-02-16
VC4385,Contabil,pleno,38,3237.36,178.5,107.55,6.1,CRC,2022-01-04
VC4491,Auditoria,senior,53,5962.4,214.1,94.15,5.3,CNAI,2016-08-14
VC4644,Fiscal,pleno,52,3766.17,175.3,116.75,6.7,-,2020-12-25
VC4832,Societario,senior,38,5528.12,163.0,96.82,5.5,-,2015-02-05
VC4588,Pessoal,senior,43,3986.39,184.0,111.74,6.8,CNAI,2022-02-13
VC4650,Auditoria,junior,37,1735.22,199.2,110.73,5.3,-,2024-10-04
VC4482,Contabil,pleno,35,3520.67,206.1,83.9,,-,2023-06-06
VC4955,Pessoal,senior,37,1645.86,154.9,84.12,8.1,-,2021-05-16
VC4783,Societario,junior,37,2650.27,173.3,86.33,7.7,-,2020-01-11
VC4208,Fiscal,pleno,33,1762.43,158.0,82.14,7.0,-,2018-08-22
VC4862,Contabil,pleno,34,4371.82,188.6,112.21,6.2,-,2016-06-12
VC5086,Societario,junior,34,2026.36,136.8,61.13,,-,2023-01-08
VC4607,Pessoal,senior,46,2210.95,143.8,102.87,4.8,-,2016-01-14
VC4921,Contabil,junior,35,2266.85,163.9,77.32,9.8,CRC,2020-01-27
VC4487,Societario,junior,53,2274.89,212.0,126.22,6.3,-,2021-12-08
VC4625,Societario,senior,48,9836.87,190.3,118.59,8.5,CRC,2020-09-05
VC4393,Contabil,pleno,37,2559.27,227.5,109.9,7.7,CRC,2018-01-26
VC4689,Pessoal,pleno,45,5138.97,159.4,95.49,5.2,-,2018-08-10
VC4715,Societario,senior,50,1839.2,192.9,115.14,5.8,-,2018-05-17
VC5035,Contabil,junior,38,3196.09,185.7,116.22,5.4,-,2017-10-17
VC4646,Pessoal,junior,42,1773.51,158.6,91.85,10.0,CNAI,2024-10-28
VC4542,Societario,junior,57,2188.21,193.5,104.52,6.5,-,2024-10-22
VC4211,Pessoal,pleno,41,7900.63,192.7,88.84,7.3,-,2022-05-20
VC5053,Contabil,junior,30,3318.7,201.9,113.07,6.2,-,2015-06-08
VC4391,Pessoal,junior,47,4110.98,173.5,126.02,6.0,CNAI,2019-01-20
VC5056,Pessoal,junior,49,6245.43,176.3,102.28,3.6,-,2016-08-06
VC4509,Pessoal,junior,27,3483.6,137.5,94.73,8.0,-,2020-08-16
VC4535,Auditoria,senior,27,5238.36,175.7,101.93,,CRC,2018-01-22
VC4908,Fiscal,junior,43,7615.28,144.8,81.84,n/a,CNAI,2017-07-11
VC4746,Auditoria,junior,35,2167.17,138.6,90.68,6.5,-,2016-11-02
VC4278,Societario,senior,36,4472.25,207.6,124.25,n/a,-,2024-03-02
VC4798,Pessoal,senior,41,2923.54,156.7,54.31,6.4,-,2016-08-11
VC4976,Fiscal,junior,44,8415.45,161.3,59.6,7.5,-,2022-09-27
VC4643,Fiscal,junior,33,1791.57,214.2,134.45,7.8,CRC,2024-06-15
VC4575,Pessoal,senior,59,3395.75,156.0,78.76,8.0,-,2018-03-13
VC4424,Auditoria,pleno,37,7611.36,,123.33,7.4,-,2020-01-07
VC4259,Auditoria,junior,32,3056.48,173.0,75.47,7.2,CRC,2022-06-20
VC4922,Societario,junior,19,null,192.3,104.78,9.4,-,2016-02-08
VC4303,Societario,junior,59,11064.41,161.9,91.81,5.6,-,2016-12-17
VC4565,Fiscal,pleno,42,2191.58,159.6,93.19,7.5,-,2016-04-13
VC4727,Societario,senior,36,4748.93,169.6,108.05,NA,CRC,2019-01-12
VC4990,Auditoria,pleno,41,2531.41,175.9,107.03,n/a,CNAI,2017-04-22
VC4982,Fiscal,senior,32,1791.16,205.2,102.73,8.8,CRC,2024-11-27
VC4294,Pessoal,senior,38,3810.53,156.5,61.81,7.9,CNAI,2021-10-02
VC4639,Auditoria,junior,38,5917.09,141.4,66.55,NA,-,2015-04-11
VC4977,Societario,pleno,44,5791.75,102.2,72.26,8.8,-,2015-03-09
VC4993,Fiscal,pleno,23,1712.91,177.6,106.34,7.2,-,2023-05-20
VC4642,Pessoal,junior,46,2395.1,194.4,105.78,7.9,-,2018-05-02
VC4807,Societario,pleno,30,5401.53,167.4,78.81,4.6,CRC,2024-06-25
VC4898,Fiscal,senior,45,n/a,170.4,61.17,7.3,-,2017-08-08
VC4327,Contabil,pleno,46,2036.28,160.7,79.17,5.5,-,2022-01-18
VC4936,Contabil,junior,41,3236.77,,90.29,5.5,-,2017-04-07
VC4868,Fiscal,pleno,53,3742.76,136.1,83.0,7.7,CRC,2024-03-10
VC4413,Contabil,junior,19,2226.6,159.7,98.0,6.4,-,2022-09-15
VC4412,Societario,pleno,22,3542.99,183.8,123.67,6.3,-,2021-05-19
VC4769,Pessoal,senior,40,2456.14,144.6,107.5,6.8,CRC,2019-02-08
VC4809,Fiscal,junior,35,1857.63,169.0,83.47,7.4,-,2024-11-11
VC4626,Pessoal,junior,41,3698.62,137.0,95.3,9.2,-,2015-06-04
VC4656,Contabil,senior,47,2505.45,194.0,115.35,7.3,CNAI,2021-01-01
VC4927,Fiscal,junior,38,3919.16,128.7,90.74,7.1,CRC,2022-12-19
VC4895,Contabil,senior,62,3316.64,167.4,101.15,6.3,-,2024-08-13
VC4730,Societario,junior,36,3029.41,186.2,126.68,10.0,-,2019-03-18
VC4963,Fiscal,junior,27,3164.2,201.7,108.79,NA,CRC,2023-07-15
VC4560,Fiscal,junior,43,4149.41,196.2,83.62,3.9,CNAI,2024-03-09
VC4519,Fiscal,junior,46,1632.75,155.7,84.64,5.8,CNAI,2022-04-16
VC4790,Pessoal,senior,47,3572.06,159.4,96.64,null,-,2020-09-28
VC4526,Pessoal,junior,38,2987.13,183.2,143.75,5.8,-,2023-04-10
VC4781,Pessoal,pleno,55,5510.91,159.3,90.33,6.6,-,2017-10-20
VC4967,Contabil,pleno,39,2181.85,167.0,104.27,10.0,-,2018-05-25
VC4813,Auditoria,pleno,38,5546.19,175.6,66.99,3.7,CNAI,2024-05-27
VC4919,Fiscal,junior,35,1972.53,219.7,145.22,6.3,-,2024-02-14
VC4942,Societario,senior,22,2730.1,173.0,91.09,N/A,-,2019-12-19
VC4611,Pessoal,pleno,44,5569.96,210.5,89.8,8.0,-,2021-10-25
VC4673,Contabil,junior,31,1365.54,170.1,83.8,6.3,CRC,2017-03-17
VC5084,Societario,junior,42,2158.23,163.4,136.5,7.3,-,2023-01-03
VC4805,Fiscal,junior,35,8260.99,174.7,126.81,7.9,-,2015-11-16
VC4709,Fiscal,pleno,38,7433.07,168.8,95.57,null,CNAI,2024-04-19
VC4269,Fiscal,junior,30,5214.31,139.9,70.81,7.9,-,2022-12-01
VC4880,Contabil,junior,44,1413.21,168.4,77.77,6.3,CRC,2019-09-11
VC4578,Fiscal,pleno,27,7308.98,136.9,74.83,7.7,CRC,2019-06-19
VC4810,Fiscal,junior,47,6953.14,157.9,83.34,8.7,-,2017-02-01
VC4771,Fiscal,senior,47,1269.05,137.5,87.97,7.9,-,2016-06-18
VC4226,Auditoria,senior,19,2468.6,171.9,108.06,8.9,CRC,2022-11-26
VC4822,Societario,junior,41,4696.95,170.7,96.81,7.3,-,2015-02-22
VC4321,Pessoal,junior,32,1656.39,167.6,143.67,5.4,CRC,2021-07-28
VC4302,Societario,pleno,40,2888.88,164.6,79.86,8.9,CRC,2023-11-08
VC4265,Pessoal,junior,36,5621.91,166.0,90.75,6.6,CNAI,2022-04-24
VC4455,Contabil,pleno,29,3838.62,167.6,65.19,6.8,-,2018-07-20
VC4569,Pessoal,junior,45,4367.05,199.5,117.62,6.2,-,2017-04-02
VC4893,Fiscal,pleno,28,2243.98,170.6,113.62,7.2,-,2024-06-02
VC4419,Auditoria,senior,24,3761.4,129.4,65.46,8.0,CNAI,2015-02-20
VC4948,Pessoal,junior,32,5222.66,170.6,128.76,4.9,-,2024-01-04
VC5082,Fiscal,junior,29,6415.89,144.0,46.96,8.6,CNAI,2018-07-15
VC4972,Auditoria,junior,52,2300.92,173.4,113.92,5.8,-,2015-10-10
VC4910,Auditoria,pleno,19,2727.8,169.4,89.72,8.4,-,2022-06-01
VC4760,Pessoal,pleno,32,3235.78,92.1,44.61,7.1,CNAI,2023-08-08
VC4249,Pessoal,junior,57,2667.72,190.5,112.14,6.6,-,2017-01-01
VC4755,Contabil,junior,22,789.06,193.4,134.26,8.9,-,2016-03-22
VC4342,Societario,junior,38,9485.04,125.5,53.25,7.1,CRC,2015-03-08
VC5077,Societario,senior,58,5379.31,183.9,105.53,-,CRC,2018-11-07
VC4836,Contabil,junior,36,4483.58,174.0,107.75,4.2,CRC,2015-03-17
VC4553,Contabil,junior,36,4061.36,178.3,89.88,9.4,CRC,2020-11-06
VC4961,Societario,junior,43,2942.65,158.3,114.74,6.9,-,2020-05-22
VC4544,Societario,junior,32,5251.68,147.4,114.59,8.2,CNAI,2015-07-01
VC4752,Fiscal,pleno,37,1583.26,,84.15,7.6,-,2024-11-10
VC4896,Societario,junior,47,1197.69,122.3,48.13,6.2,CNAI,2015-03-14
VC4906,Contabil,junior,56,1831.12,,85.57,7.6,CNAI,2021-01-11
VC4802,Fiscal,junior,37,null,162.7,94.95,8.8,CRC,2017-10-02
VC4892,Pessoal,junior,23,NA,187.3,105.58,5.3,-,2015-12-11
VC4589,Fiscal,pleno,37,1608.32,151.2,79.06,5.8,-,2020-06-27
VC4533,Fiscal,junior,41,6988.16,169.6,92.97,4.2,-,2024-11-02
VC4716,Fiscal,junior,56,3123.04,174.0,104.23,7.3,-,2022-06-23
VC4459,Fiscal,junior,37,3326.36,137.7,88.57,6.3,-,2020-04-27
VC4514,Contabil,junior,36,-,163.0,109.48,4.2,-,2020-03-07
VC4952,Contabil,pleno,35,8071.32,150.1,85.59,6.9,-,2021-11-18
VC4375,Pessoal,junior,26,2155.3,181.8,133.7,7.4,-,2016-09-07
VC5062,Auditoria,senior,45,9805.46,216.1,143.52,N/A,-,2017-11-03
VC4450,Auditoria,pleno,19,2599.35,186.9,93.87,4.3,-,2019-05-21
VC4780,Societario,junior,41,2784.85,179.4,124.54,9.3,-,2023-02-12
VC4620,Contabil,pleno,40,8558.56,183.2,141.4,4.5,CNAI,2018-03-22
VC4212,Fiscal,junior,39,4035.87,151.2,122.28,5.3,-,2017-06-05
VC4432,Auditoria,senior,41,2368.7,142.7,88.71,10.0,-,2015-12-02
VC4312,Fiscal,senior,28,3110.65,197.2,90.52,-,-,2018-05-03
VC4490,Societario,pleno,21,5179.17,140.5,68.32,10.0,-,2021-04-22
VC4587,Contabil,pleno,33,null,130.9,96.93,8.8,CNAI,2018-02-20
VC4888,Pessoal,pleno,31,12129.43,179.4,84.13,5.3,-,2021-11-02
VC4561,Auditoria,pleno,56,4601.44,,131.9,5.3,-,2020-09-03
VC4583,Contabil,junior,27,5011.52,181.8,101.98,6.6,CRC,2018-11-24
VC4508,Pessoal,senior,35,6276.17,194.7,105.66,6.7,CNAI,2022-01-26
VC4574,Pessoal,junior,44,3537.62,143.1,66.36,5.8,-,2024-10-05
VC4472,Societario,junior,54,-,153.5,97.47,8.3,CRC,2022-12-18
VC4971,Contabil,pleno,33,2655.39,,112.03,3.9,CRC,2017-05-24
VC4433,Contabil,junior,41,1043.27,138.2,78.39,7.4,-,2021-07-17
VC4534,Auditoria,senior,26,7700.63,162.5,103.19,10.0,-,2021-10-05
VC4905,Auditoria,pleno,33,,180.0,68.6,6.6,-,2019-06-18
VC4240,Fiscal,pleno,39,4552.7,142.0,73.38,8.6,-,2019-04-23
VC4821,Contabil,junior,41,3953.58,111.5,67.88,7.7,-,2018-11-12
VC4460,Auditoria,senior,38,4630.97,160.4,91.87,NA,CRC,2021-02-08
VC4210,Pessoal,junior,43,3544.18,151.7,96.61,7.2,CNAI,2018-02-19
VC4552,Pessoal,junior,41,2118.98,180.3,104.21,7.2,-,2022-08-22
VC4788,Fiscal,senior,42,15684.24,162.0,114.51,5.4,-,2024-11-04
VC4437,Pessoal,pleno,37,6519.4,185.8,120.6,4.4,CNAI,2020-10-27
VC4200,Pessoal,senior,38,6795.71,182.9,68.64,7.3,-,2015-02-27
VC4257,Auditoria,pleno,44,2312.5,176.7,87.77,N/A,-,2016-09-02
VC5005,Fiscal,senior,38,2366.25,185.6,96.9,7.8,-,2020-11-09
VC5051,Pessoal,junior,33,6877.99,171.7,110.15,10.0,-,2016-03-15
VC5055,Fiscal,pleno,40,1669.05,179.1,89.43,5.3,CRC,2015-06-14
VC4376,Societario,pleno,51,3427.78,185.9,110.11,n/a,CNAI,2021-02-21
VC4520,Contabil,pleno,31,N/A,173.2,96.17,,CRC,2017-06-15
VC4945,Societario,pleno,57,2720.37,178.0,125.92,4.8,CRC,2021-11-26
VC4830,Auditoria,pleno,40,4590.72,166.8,80.12,8.9,-,2018-10-02
VC5083,Fiscal,junior,37,2691.17,153.5,85.15,7.4,CRC,2019-06-15
VC4680,Auditoria,pleno,40,8683.87,161.4,67.17,6.1,CRC,2022-01-20
VC4847,Auditoria,junior,33,2180.88,121.7,90.01,5.3,CNAI,2021-07-14
VC4461,Contabil,junior,46,6474.96,179.4,137.51,7.7,CRC,2015-11-03
VC4228,Societario,junior,38,7002.37,146.5,115.06,5.3,CRC,2018-08-06
VC4453,Contabil,senior,38,2162.53,178.7,99.18,4.9,-,2024-04-13
VC4869,Auditoria,junior,37,3416.48,145.0,70.39,7.9,-,2019-04-09
VC4923,Fiscal,junior,50,2204.66,179.6,93.15,8.0,-,2023-09-04
VC4881,Societario,pleno,35,n/a,168.3,107.89,N/A,CRC,2016-04-28
VC4702,Fiscal,pleno,29,1084.07,,139.97,6.6,CRC,2018-05-05
VC4398,Pessoal,junior,34,12965.51,140.4,109.04,5.0,CRC,2020-11-07
VC4903,Fiscal,senior,43,null,178.9,102.56,8.3,CNAI,2015-03-27
VC4406,Auditoria,senior,27,3239.31,157.0,85.72,7.3,-,2016-12-20
VC4602,Contabil,junior,34,2719.19,178.4,101.92,5.5,CNAI,2023-04-23
VC4676,Fiscal,pleno,26,2656.62,176.5,129.33,-,-,2020-03-23
VC4495,Contabil,senior,39,6803.22,164.9,68.02,8.4,-,2015-07-27
VC4894,Pessoal,junior,34,3794.31,,71.67,4.3,-,2019-04-23
VC4389,Contabil,junior,33,2457.69,166.0,64.16,4.4,-,2015-02-21
VC4974,Societario,junior,32,N/A,196.7,106.81,null,-,2022-07-04
VC4684,Societario,pleno,56,6163.09,159.2,91.09,8.8,-,2018-07-10
VC4595,Auditoria,junior,36,5024.86,160.5,126.53,8.8,CNAI,2023-08-27
VC4465,Auditoria,pleno,43,2187.66,160.1,88.58,5.8,-,2024-12-01
VC5065,Auditoria,junior,41,4465.12,,79.36,8.2,-,2023-12-09
VC4319,Pessoal,junior,40,3227.24,174.7,97.77,7.1,-,2015-06-25
VC4765,Fiscal,junior,24,4115.37,180.9,94.03,5.1,-,2015-07-08
VC4669,Fiscal,pleno,42,5001.52,166.3,130.34,5.7,CRC,2015-05-23
VC4448,Societario,junior,31,4425.23,158.1,106.7,n/a,CRC,2019-04-21
VC4326,Fiscal,junior,19,8734.06,208.0,83.99,8.9,-,2022-10-25
VC4940,Pessoal,pleno,33,N/A,181.2,121.77,-,-,2022-03-09
VC4546,Fiscal,junior,38,6061.36,157.8,66.1,n/a,CRC,2019-12-19
VC4636,Pessoal,junior,38,1846.38,152.5,104.52,-,CRC,2023-05-27
VC4929,Pessoal,senior,30,4365.68,160.3,80.53,6.2,-,2021-10-17
VC5096,Fiscal,junior,44,1028.86,194.3,98.62,6.9,CNAI,2018-05-24
VC4445,Auditoria,pleno,49,14030.76,151.2,83.0,6.8,-,2024-03-17
VC4373,Societario,junior,37,6883.08,153.0,93.65,6.3,-,2017-01-26
VC4616,Contabil,junior,62,4025.27,171.3,97.65,5.7,-,2024-08-17
VC4818,Auditoria,junior,44,2489.44,161.3,86.46,7.3,CRC,2023-09-07
VC4744,Societario,junior,34,1667.25,164.2,105.53,6.4,CRC,2022-08-07
VC4367,Contabil,senior,45,2574.69,157.0,112.62,6.2,-,2015-07-02
VC4959,Auditoria,pleno,37,1114.23,,91.6,7.6,-,2021-03-25
VC4272,Pessoal,junior,34,1050.77,215.4,143.9,9.9,CNAI,2019-03-27
VC4309,Pessoal,pleno,36,4627.89,165.4,73.69,8.3,CNAI,2015-08-02
VC4742,Contabil,senior,36,3849.42,176.6,67.57,,-,2024-11-03
VC4338,Contabil,junior,36,5018.25,159.5,110.84,5.3,-,2021-05-28
VC4494,Societario,junior,44,6943.42,165.2,89.55,6.7,-,2023-11-22
VC4232,Pessoal,junior,29,1987.42,159.1,61.1,-,CRC,2022-08-16
VC5099,Pessoal,pleno,28,2025.41,176.4,113.28,9.3,-,2018-10-07
VC5032,Fiscal,junior,45,5879.61,214.6,87.52,9.8,CRC,2021-04-08
VC4603,Contabil,junior,48,3576.19,224.5,100.46,9.1,CRC,2016-10-24
VC4348,Auditoria,junior,47,3145.62,145.1,78.61,3.9,-,2019-01-01
VC4471,Auditoria,senior,25,4803.13,168.5,113.12,9.4,-,2018-12-08
VC4732,Pessoal,senior,40,4272.89,153.2,66.88,9.3,-,2019-02-21
VC5092,Fiscal,pleno,38,N/A,160.5,85.51,6.4,CNAI,2022-11-20
VC4548,Contabil,pleno,47,4392.13,193.2,93.47,7.4,CRC,2019-11-18
VC4876,Societario,junior,44,null,168.7,103.74,7.2,-,2021-08-21
VC4270,Societario,junior,44,-,152.3,109.53,8.6,-,2019-09-03
VC4873,Auditoria,senior,30,-,126.4,84.09,N/A,-,2018-07-28
VC4507,Societario,junior,39,5935.16,147.8,75.56,8.7,CNAI,2019-12-13
VC4235,Auditoria,junior,30,1780.89,141.0,77.31,7.1,-,2015-09-10
VC4834,Pessoal,junior,29,1285.23,211.3,95.98,6.2,CNAI,2022-11-13
VC4900,Contabil,pleno,36,1436.4,163.6,63.49,8.4,-,2016-04-26
VC4677,Contabil,junior,21,1122.81,162.2,103.92,7.6,CNAI,2015-05-21
VC5064,Fiscal,pleno,37,1864.17,165.2,88.76,10.0,CRC,2020-02-05
VC4332,Societario,senior,39,3523.12,160.4,68.05,,-,2021-03-18
VC4770,Pessoal,pleno,23,4199.13,157.9,116.64,N/A,-,2020-12-16
VC4238,Contabil,pleno,32,7013.84,153.7,117.32,7.9,CNAI,2018-07-24
VC4336,Pessoal,pleno,37,3898.7,160.3,112.55,7.6,-,2019-10-12
VC4485,Contabil,pleno,41,1296.29,191.1,101.51,9.1,-,2021-05-07
VC4852,Pessoal,junior,30,845.27,131.1,62.92,7.4,-,2015-08-24
VC4289,Auditoria,junior,44,N/A,138.6,91.05,9.4,-,2015-08-06
VC4666,Auditoria,senior,28,1712.25,182.3,110.57,10.0,-,2017-09-10
VC4307,Societario,senior,43,2529.43,166.8,109.97,9.9,-,2015-10-21
VC5047,Societario,senior,43,1409.07,199.4,112.69,7.0,-,2024-11-07
VC4833,Fiscal,junior,52,18836.21,185.1,90.45,2.1,-,2017-09-24
VC4522,Societario,senior,52,4124.35,184.8,95.0,9.5,CRC,2017-11-12
VC4657,Fiscal,junior,29,6014.55,159.7,120.49,8.6,-,2019-09-25
VC4500,Contabil,junior,52,,202.9,116.26,5.5,CRC,2024-06-21
VC4580,Contabil,junior,36,2616.99,148.3,82.03,8.1,CNAI,2018-03-02
VC4628,Fiscal,junior,33,1494.46,150.1,88.48,,-,2021-08-21
VC4688,Societario,junior,25,1922.19,130.8,83.01,7.1,CRC,2016-07-27
VC4525,Societario,pleno,40,7282.33,,123.03,6.8,-,2016-11-12
VC4660,Pessoal,junior,44,9321.17,163.3,117.3,7.3,CRC,2016-09-08
VC4427,Pessoal,senior,32,2782.12,168.0,74.86,5.9,-,2023-09-19
VC4991,Contabil,pleno,53,2901.35,164.0,94.91,6.9,-,2015-12-27
VC4884,Societario,senior,35,4500.83,192.7,109.05,7.8,-,2021-10-05
VC4458,Fiscal,junior,38,NA,,98.61,9.1,CNAI,2015-12-03
VC4268,Societario,junior,25,4676.55,161.2,126.42,4.6,-,2016-12-12
VC4695,Auditoria,junior,19,2205.27,171.9,95.74,7.8,-,2017-12-09
VC4647,Pessoal,senior,36,1814.8,191.4,101.58,5.9,-,2016-12-28
VC4596,Pessoal,junior,40,NA,,83.11,5.4,CNAI,2020-07-09
VC4838,Fiscal,senior,48,7894.0,190.4,136.09,N/A,-,2016-02-04
VC4464,Pessoal,senior,28,,168.1,98.21,4.8,CRC,2020-06-25
VC4874,Auditoria,junior,22,2780.18,150.8,83.65,NA,-,2018-12-19
VC4308,Contabil,junior,36,,155.6,118.14,n/a,CNAI,2020-05-21
VC4276,Fiscal,senior,35,N/A,175.8,94.54,6.6,CRC,2024-04-03
VC4980,Fiscal,junior,45,1625.8,185.6,80.35,8.0,CRC,2015-09-27
VC4741,Societario,senior,39,2150.17,219.8,115.73,7.2,CNAI,2022-07-16
VC4687,Societario,pleno,28,3953.24,196.3,123.37,8.0,CRC,2020-09-28
VC4970,Auditoria,junior,39,2959.69,174.4,97.74,7.5,CRC,2023-06-05
VC4902,Pessoal,pleno,50,-,214.2,93.19,7.9,-,2021-03-28
VC4571,Fiscal,junior,22,17213.32,162.5,96.3,8.8,-,2015-06-09
VC4733,Societario,senior,38,4246.44,150.8,68.45,4.7,-,2018-09-11
VC4987,Societario,pleno,24,1125.14,191.2,68.73,7.4,-,2017-04-11
VC4718,Contabil,junior,31,N/A,164.0,103.02,8.0,-,2017-08-25
VC4322,Auditoria,junior,37,1391.68,214.2,131.09,8.7,-,2019-01-09
VC4528,Pessoal,junior,42,NA,168.9,95.66,8.9,-,2021-06-17
VC4402,Contabil,pleno,43,5603.49,164.4,100.41,6.6,-,2016-10-20
VC4230,Contabil,pleno,23,7012.9,123.1,67.73,6.8,-,2024-01-03
VC4672,Auditoria,pleno,44,4986.65,146.2,81.5,8.3,-,2023-03-19
VC4451,Contabil,junior,33,NA,,90.18,5.5,-,2015-03-09
VC4844,Societario,pleno,48,3885.04,174.6,138.07,4.5,-,2019-01-11
VC4379,Fiscal,junior,38,969.76,149.8,100.26,8.6,-,2017-04-05
VC4354,Pessoal,pleno,34,2252.2,133.8,90.23,NA,-,2016-10-16
VC5090,Pessoal,junior,37,-,190.6,116.81,5.0,-,2022-05-06
VC4726,Contabil,pleno,40,13350.91,162.5,93.51,6.8,CNAI,2024-08-27
VC4532,Societario,pleno,28,7093.0,156.6,92.05,5.7,CRC,2021-05-04
VC4250,Fiscal,pleno,45,2880.53,174.8,108.59,,CNAI,2021-04-27
VC4500,Contabil,junior,52,,202.9,116.26,5.5,CRC,2024-06-21
VC4291,Auditoria,junior,44,3017.58,173.9,75.79,5.2,CRC,2019-04-12
VC5074,Fiscal,junior,46,4285.31,185.8,115.69,6.1,CNAI,2020-06-18
VC4823,Fiscal,junior,45,1639.26,152.5,90.56,3.6,-,2020-01-08
VC5070,Pessoal,pleno,38,3932.31,142.0,96.59,8.2,CNAI,2016-02-06
VC4513,Pessoal,junior,36,3177.44,151.2,89.51,5.5,CRC,2024-03-28
VC4938,Societario,pleno,35,2752.69,157.6,117.05,5.8,-,2016-10-21
VC4735,Pessoal,pleno,39,2647.25,161.8,110.55,6.7,CRC,2017-12-01
VC4523,Fiscal,junior,35,1577.99,171.4,122.2,9.2,CRC,2020-02-17
VC4606,Auditoria,junior,29,4197.18,173.5,108.82,6.8,CRC,2023-06-11
VC4517,Contabil,pleno,36,1597.92,174.3,112.4,6.4,-,2016-09-04
VC4918,Auditoria,junior,31,2060.69,155.5,76.38,8.2,CNAI,2024-07-15
VC4897,Fiscal,junior,37,3302.75,197.4,130.55,,CRC,2024-08-06
VC4933,Fiscal,junior,19,4240.45,138.2,53.76,9.3,CNAI,2019-06-03
VC4920,Contabil,junior,32,2246.7,177.6,79.9,6.8,-,2016-06-24
VC4547,Contabil,junior,52,N/A,166.9,114.93,8.6,CNAI,2015-06-25
VC4674,Auditoria,junior,42,3066.72,161.0,99.97,8.6,CRC,2016-03-17
VC4431,Fiscal,junior,31,6823.8,197.1,131.92,6.9,-,2019-05-21
VC4263,Fiscal,junior,27,2136.93,165.7,82.76,4.8,-,2016-11-08
VC4361,Societario,senior,41,2964.32,150.8,106.29,4.9,-,2022-03-04
VC5059,Pessoal,junior,32,3792.57,184.4,97.06,6.1,CRC,2017-10-15
VC4467,Fiscal,pleno,48,3733.52,141.8,103.64,n/a,CNAI,2016-10-27
VC4878,Societario,junior,37,2494.91,188.5,100.8,6.7,-,2017-02-15
VC5037,Fiscal,pleno,29,2188.25,135.3,59.89,6.1,CRC,2023-09-20
VC4409,Societario,senior,28,2924.9,182.3,95.48,8.0,CNAI,2021-06-04
VC4388,Auditoria,junior,42,3640.62,156.1,103.7,6.2,CRC,2020-09-28
VC4396,Contabil,junior,46,2504.55,153.2,135.71,6.2,-,2021-05-22
VC4829,Societario,senior,38,4957.42,155.7,72.01,6.3,CNAI,2017-06-22
VC4665,Pessoal,pleno,24,4306.51,211.2,97.29,9.0,CRC,2019-12-11
VC4907,Societario,junior,54,3208.24,210.2,126.52,null,-,2018-11-18
VC4935,Societario,junior,24,2296.48,156.6,117.9,4.4,CNAI,2017-12-17
VC4855,Auditoria,pleno,44,2832.09,170.1,98.0,n/a,-,2016-11-26
VC4416,Fiscal,junior,36,4452.67,196.8,94.6,6.6,-,2021-06-03
VC4497,Contabil,junior,36,3360.6,160.5,128.51,7.6,CNAI,2023-06-04
VC4725,Pessoal,pleno,37,8104.0,189.0,68.19,9.9,CRC,2023-07-25
VC4426,Pessoal,junior,29,n/a,163.8,84.61,-,-,2015-11-28
VC5088,Societario,junior,35,6399.11,,123.31,7.6,-,2017-02-26
VC4998,Auditoria,pleno,32,2107.02,134.7,86.29,null,CRC,2015-09-27
VC5038,Auditoria,pleno,33,2591.13,225.4,122.81,8.9,-,2016-12-02
VC4231,Contabil,pleno,33,2561.66,158.5,72.89,6.7,CNAI,2019-06-20
VC4258,Contabil,junior,52,5679.54,173.1,92.95,10.0,CRC,2016-09-15
VC4941,Pessoal,senior,32,2297.94,144.2,84.11,6.1,-,2024-03-14
VC4539,Societario,junior,52,2949.17,202.6,99.1,3.7,CRC,2021-10-21
VC4745,Contabil,pleno,29,2327.84,136.9,78.95,7.8,CRC,2015-10-28
VC5079,Pessoal,senior,40,N/A,153.9,84.55,N/A,CRC,2016-11-13
VC4633,Pessoal,pleno,35,4905.68,126.0,121.27,7.5,CRC,2015-10-17
VC5054,Auditoria,senior,52,1700.61,182.5,84.64,7.1,-,2015-04-11
VC5072,Societario,junior,51,2954.66,180.1,97.36,7.1,CRC,2021-05-21
VC4968,Auditoria,junior,53,4272.05,176.4,131.67,5.5,-,2021-11-03
VC4446,Pessoal,junior,38,7428.77,176.5,91.12,8.1,CRC,2022-12-18
VC4668,Auditoria,pleno,27,4885.82,156.6,81.81,6.6,-,2024-11-21
VC4849,Pessoal,pleno,36,1794.22,123.4,73.69,,-,2018-04-22
VC4310,Societario,junior,45,3765.53,154.6,42.81,5.6,CRC,2018-11-16
VC4420,Fiscal,junior,36,3394.7,145.0,102.61,7.0,-,2019-03-22
VC4796,Auditoria,pleno,42,2878.63,131.6,88.03,4.6,-,2016-04-19
VC4397,Pessoal,junior,47,11180.65,170.5,50.13,6.8,CRC,2019-12-19
VC4213,Societario,junior,29,2515.01,160.0,81.48,6.1,CRC,2023-10-26
VC4341,Fiscal,junior,33,3554.47,201.4,74.48,5.5,CNAI,2023-11-04
VC4645,Fiscal,pleno,31,2463.63,152.2,94.3,6.4,CNAI,2021-06-22
VC4778,Societario,pleno,50,3006.29,169.8,108.62,7.5,CRC,2015-02-06
VC5033,Fiscal,senior,27,1321.43,181.6,121.0,9.4,-,2021-05-02
VC4879,Societario,junior,40,3690.51,166.7,97.29,6.0,-,2015-11-08
VC4295,Societario,junior,44,2218.92,185.9,90.79,7.7,-,2018-02-19
VC4837,Auditoria,junior,45,3418.89,194.0,75.61,8.4,-,2016-12-01
VC4436,Fiscal,pleno,46,3561.98,115.8,98.45,7.2,-,2018-07-19
VC5058,Fiscal,pleno,47,12756.09,179.1,77.93,5.8,CNAI,2019-01-23
VC4679,Societario,pleno,35,5506.32,167.9,91.57,4.8,CRC,2015-04-13
VC5023,Auditoria,pleno,32,4241.44,136.8,60.42,9.5,CRC,2020-06-20
VC4663,Societario,pleno,37,1764.61,147.3,82.96,8.2,-,2020-12-17
VC4924,Pessoal,junior,40,3901.32,155.0,124.96,7.5,CNAI,2024-09-02
VC5012,Fiscal,senior,36,7221.64,176.9,110.24,7.7,-,2019-09-12
VC4395,Societario,pleno,45,4411.55,121.9,45.15,8.8,CNAI,2023-02-21
VC4355,Auditoria,junior,35,2914.34,181.1,107.31,5.4,CNAI,2022-07-22
VC4800,Contabil,pleno,22,1863.01,142.0,63.8,null,CNAI,2015-04-02
VC4267,Contabil,junior,49,3501.77,212.7,116.45,6.5,-,2023-07-11
VC4296,Auditoria,senior,26,6408.65,162.7,113.5,5.7,CNAI,2024-07-25
VC4683,Pessoal,senior,38,1958.78,153.3,106.12,4.7,-,2016-04-22
VC5021,Fiscal,junior,31,5204.57,159.0,99.97,5.6,-,2023-07-01
VC4273,Societario,senior,37,5159.46,172.5,82.82,8.2,-,2021-03-18
VC5016,Societario,junior,39,3819.18,170.6,110.5,5.1,CRC,2020-06-16
VC4518,Pessoal,junior,30,2267.72,189.8,80.39,8.6,CNAI,2022-08-18
VC4434,Pessoal,senior,57,2435.61,175.7,106.06,8.5,CNAI,2022-04-20
VC4217,Societario,junior,34,4761.99,217.3,96.19,6.6,-,2020-01-15
VC4934,Societario,pleno,41,5915.59,157.0,108.15,7.6,CNAI,2015-06-14
VC4502,Fiscal,junior,37,2719.47,190.9,114.26,N/A,-,2020-10-09
VC4594,Societario,junior,46,7168.94,152.9,63.97,7.2,-,2022-02-05
VC4632,Societario,junior,30,7295.67,165.1,101.0,NA,CRC,2019-02-10
VC4909,Societario,junior,45,2461.52,118.6,90.31,8.8,-,2016-11-07
VC4357,Fiscal,senior,30,2317.36,164.6,124.96,7.4,CNAI,2021-01-23
VC4969,Societario,junior,32,3944.47,187.4,128.53,5.6,-,2019-06-06
VC4252,Auditoria,junior,39,4095.34,168.2,99.66,8.2,-,2021-03-02
VC5024,Auditoria,senior,43,1081.85,166.8,94.47,NA,-,2018-01-08
VC4773,Pessoal,junior,19,7560.47,196.5,97.63,7.1,-,2015-10-15
VC4819,Auditoria,pleno,54,2572.52,175.4,117.01,8.3,-,2024-06-24
VC4392,Contabil,senior,47,2205.02,171.3,48.36,7.7,-,2021-11-12
VC4344,Auditoria,pleno,32,NA,158.8,116.62,null,CRC,2016-02-10
VC4703,Societario,junior,51,1427.8,163.2,138.61,9.9,-,2022-11-21
VC4713,Contabil,pleno,37,3025.12,126.3,99.32,9.6,CRC,2020-04-25
VC4549,Societario,junior,29,942.26,139.6,91.97,7.7,-,2015-12-02
VC4536,Societario,pleno,50,1568.7,182.2,113.86,7.5,CNAI,2016-11-06
VC4946,Societario,pleno,51,2671.09,168.4,57.3,5.7,-,2021-07-03
VC5010,Auditoria,pleno,24,3920.2,,60.34,NA,-,2015-12-24
VC4334,Pessoal,junior,50,9565.63,171.0,95.76,6.3,-,2024-04-01
VC4469,Fiscal,junior,37,2966.02,129.9,97.44,6.9,-,2016-08-23
VC4913,Societario,junior,42,3078.23,120.9,80.59,6.9,CNAI,2024-05-02
VC4253,Pessoal,senior,43,5924.21,194.3,89.3,9.4,-,2023-07-27
VC4839,Societario,senior,24,1867.81,204.6,112.65,4.0,-,2021-01-06
VC4264,Societario,junior,32,5246.79,189.7,114.33,9.6,-,2016-03-23
VC4293,Auditoria,pleno,48,3332.72,199.0,104.55,8.6,CNAI,2023-01-03
VC5093,Contabil,pleno,46,1927.3,182.7,158.92,7.9,CNAI,2021-06-24
VC4366,Pessoal,pleno,21,5499.44,154.0,48.61,6.4,-,2015-11-14
VC4470,Contabil,senior,38,3704.52,170.4,105.93,8.7,-,2020-09-09
VC4285,Societario,senior,27,3367.92,116.8,85.22,8.0,-,2018-04-11
VC4256,Contabil,junior,37,12695.3,179.1,83.42,9.4,CRC,2023-01-11
VC4541,Fiscal,senior,43,2986.57,174.1,95.8,,-,2024-12-13
VC4464,Pessoal,senior,28,,168.1,98.21,4.8,CRC,2020-06-25
VC4690,Pessoal,junior,46,2456.82,158.9,103.26,8.0,CRC,2019-11-01
VC4965,Fiscal,senior,47,4554.65,162.3,100.35,7.3,-,2017-01-09
VC4627,Auditoria,junior,28,3226.44,165.4,90.5,7.9,-,2021-04-17
VC4498,Auditoria,junior,36,NA,167.7,76.48,null,CNAI,2022-09-01
VC4527,Societario,junior,29,2510.42,106.0,68.12,7.4,-,2023-01-27
VC4557,Pessoal,pleno,38,11107.98,180.4,102.37,8.2,CNAI,2021-07-22
VC4734,Fiscal,junior,25,,204.5,111.81,8.5,CRC,2019-11-20
VC4275,Contabil,junior,45,6168.88,146.0,87.79,N/A,CRC,2019-01-21
VC4543,Contabil,junior,36,8057.55,183.7,81.56,-,-,2023-02-03
VC4681,Contabil,junior,38,1091.24,170.8,95.25,6.7,CRC,2017-10-28
VC4352,Pessoal,pleno,33,6834.7,176.1,95.03,7.7,-,2016-04-16
VC4403,Pessoal,pleno,46,null,148.4,70.63,3.8,CNAI,2017-06-10
VC4290,Contabil,junior,38,N/A,200.6,142.0,8.0,CRC,2019-06-11
VC4284,Societario,junior,36,,162.2,107.27,6.3,-,2022-09-27
VC4316,Auditoria,junior,40,4467.13,175.1,86.19,7.6,CRC,2020-04-16
VC4224,Auditoria,junior,39,6437.93,155.4,92.29,,-,2015-03-14
VC4219,Pessoal,junior,26,1125.93,150.0,90.37,6.4,CNAI,2021-07-28
VC4442,Fiscal,junior,37,4338.05,151.4,83.96,8.2,-,2015-07-06
VC5004,Societario,junior,44,2788.77,171.1,127.83,6.5,-,2021-04-22
VC4928,Contabil,pleno,21,9160.31,212.7,95.55,null,CNAI,2016-03-05
VC4471,Auditoria,senior,25,4803.13,168.5,113.12,9.4,-,2018-12-08
VC4378,Fiscal,senior,41,8175.56,169.0,85.28,n/a,-,2024-02-07
VC4435,Fiscal,junior,25,1206.3,153.6,88.62,6.4,CRC,2024-06-10
VC4230,Contabil,pleno,23,7012.9,123.1,67.73,6.8,-,2024-01-03
VC5027,Societario,pleno,47,2393.17,191.7,112.41,6.9,-,2015-08-06
VC4454,Auditoria,junior,27,3519.93,200.0,110.28,8.9,-,2015-01-14
VC4912,Pessoal,pleno,36,2930.44,158.8,84.53,5.0,-,2016-04-05
VC4287,Contabil,junior,34,3677.1,179.9,81.66,6.1,-,2021-03-02
VC4377,Fiscal,junior,33,1509.02,160.6,108.13,6.1,-,2020-03-14
VC5057,Contabil,pleno,33,,191.1,87.9,8.7,-,2018-07-17
VC4204,Auditoria,senior,34,5470.41,149.1,78.26,6.6,-,2024-07-02
VC5017,Contabil,senior,26,2193.36,164.5,66.71,4.8,-,2024-05-17
VC4271,Fiscal,senior,19,6406.16,161.0,117.25,10.0,CNAI,2016-02-09
VC4229,Fiscal,junior,39,1697.8,180.5,111.34,8.8,CRC,2016-01-19
VC4478,Contabil,senior,40,3023.62,181.2,107.81,6.3,-,2023-12-11
VC4774,Fiscal,pleno,42,2167.78,184.6,114.1,8.5,-,2016-02-26
VC4943,Auditoria,pleno,38,12051.88,147.3,78.15,5.8,CRC,2016-05-25
VC4622,Societario,pleno,34,4195.35,200.5,99.32,6.6,-,2024-09-02
VC4747,Auditoria,pleno,33,5489.38,177.0,82.78,8.2,-,2016-08-01
